"County","Calendar Year","Quarter","Per Capita Sales","Total Taxable Sales"
"Alameda","2022","4","43.24","71441014"
"Calaveras","2022","4","53.3","2401353"
"Contra Costa","2022","4","23.74","27460007"
"Del Norte","2022","4","35.54","967457"
"El Dorado","2022","4","71.66","13649084"
"Fresno","2022","4","16.69","16886885"
"Humboldt","2022","4","62.15","8401701"
"Imperial","2022","4","55.98","10040174"
"Inyo","2022","4","69.5","1319144"
"Kern","2022","4","5.39","4910255"
"Kings","2022","4","51.64","7850492"
"Lake","2022","4","29.86","2012823"
"Los Angeles","2022","4","37.71","371962634"
"Marin","2022","4","14.05","3612772"
"Mendocino","2022","4","56.54","5089270"
"Merced","2022","4","33.34","9482490"
"Mono","2022","4","84.4","1129293"
"Monterey","2022","4","40.92","17748314"
"Napa","2022","4","34","4630617"
"Orange","2022","4","20.7","65487403"
"Placer","2022","4","1.02","419772"
"Riverside","2022","4","44.78","109074599"
"Sacramento","2022","4","45.17","71226974"
"San Bernardino","2022","4","16.59","36301834"
"San Diego","2022","4","41.73","137186698"
"San Francisco","2022","4","73.58","62013294"
"San Joaquin","2022","4","18.4","14436025"
"San Luis Obispo","2022","4","52","14599595"
"San Mateo","2022","4","21.43","15959160"
"Santa Barbara","2022","4","36.74","16355407"
"Santa Clara","2022","4","26.57","50357632"
"Santa Cruz","2022","4","57.18","15243606"
"Shasta","2022","4","55.74","10064092"
"Siskiyou","2022","4","30.28","1327525"
"Solano","2022","4","43.88","19628508"
"Sonoma","2022","4","57.47","27728503"
"Stanislaus","2022","4","64.04","35193156"
"Tulare","2022","4","31.34","14887861"
"Tuolumne","2022","4","38.46","2127020"
"Undisclosed","2022","4","","9976848"
"Ventura","2022","4","25.2","21010493"
"Yolo","2022","4","32.26","7135488"
"Yuba","2022","4","52.59","4327053"
"Alameda","2022","3","43.46","71805410"
"Calaveras","2022","3","59.88","2697965"
"Contra Costa","2022","3","25.46","29447748"
"Del Norte","2022","3","38.48","1047491"
"El Dorado","2022","3","53.75","10238218"
"Fresno","2022","3","13.3","13454796"
"Humboldt","2022","3","68.5","9259201"
"Imperial","2022","3","32.41","5812485"
"Inyo","2022","3","81.67","1549957"
"Kern","2022","3","5.41","4929500"
"Kings","2022","3","53.21","8089318"
"Lake","2022","3","28.09","1893625"
"Los Angeles","2022","3","36.13","356291617"
"Marin","2022","3","14.72","3787438"
"Mendocino","2022","3","60.66","5459960"
"Merced","2022","3","33.11","9417002"
"Mono","2022","3","110.55","1479134"
"Monterey","2022","3","42.61","18484412"
"Napa","2022","3","28.77","3918394"
"Nevada","2022","3","52.17","5282066"
"Orange","2022","3","21.59","68274068"
"Riverside","2022","3","38.58","93986312"
"Sacramento","2022","3","45.34","71495909"
"San Bernardino","2022","3","14.57","31892948"
"San Diego","2022","3","41.87","137667553"
"San Francisco","2022","3","67.97","57289898"
"San Joaquin","2022","3","17.77","13939560"
"San Luis Obispo","2022","3","54.54","15311581"
"San Mateo","2022","3","21.06","15689462"
"Santa Barbara","2022","3","36.08","16062652"
"Santa Clara","2022","3","26.35","49940123"
"Santa Cruz","2022","3","59.19","15779607"
"Shasta","2022","3","59.16","10680380"
"Siskiyou","2022","3","35.68","1564055"
"Solano","2022","3","44.29","19809284"
"Sonoma","2022","3","56.71","27359459"
"Stanislaus","2022","3","64.08","35209860"
"Tulare","2022","3","28.8","13683023"
"Undisclosed","2022","3","","11132117"
"Ventura","2022","3","23.84","19877276"
"Yolo","2022","3","30.74","6798617"
"Alameda","2022","2","47.68","78777672"
"Calaveras","2022","2","64.54","2907867"
"Contra Costa","2022","2","25.4","29384898"
"Del Norte","2022","2","32.31","879631"
"El Dorado","2022","2","68.14","12978506"
"Fresno","2022","2","5.33","5390754"
"Humboldt","2022","2","73.57","9945473"
"Imperial","2022","2","30.39","5450656"
"Inyo","2022","2","65.16","1236745"
"Kern","2022","2","5.65","5147411"
"Kings","2022","2","62.35","9479448"
"Lake","2022","2","28.61","1928739"
"Los Angeles","2022","2","39.87","393264845"
"Marin","2022","2","17.31","4453191"
"Mendocino","2022","2","70.18","6316618"
"Merced","2022","2","36.81","10469078"
"Mono","2022","2","99.11","1326107"
"Monterey","2022","2","44.46","19283790"
"Napa","2022","2","25.47","3468506"
"Orange","2022","2","23.21","73416435"
"Riverside","2022","2","44.44","108258256"
"Sacramento","2022","2","47.02","74135741"
"San Bernardino","2022","2","19.09","41776362"
"San Diego","2022","2","48.11","158179923"
"San Francisco","2022","2","68.2","57483135"
"San Joaquin","2022","2","18.63","14613980"
"San Luis Obispo","2022","2","64.07","17987271"
"San Mateo","2022","2","18.93","14097264"
"Santa Barbara","2022","2","39.04","17381571"
"Santa Clara","2022","2","27.72","52526190"
"Santa Cruz","2022","2","62.5","16661656"
"Shasta","2022","2","61.36","11078981"
"Siskiyou","2022","2","36.09","1581842"
"Solano","2022","2","51.48","23024040"
"Sonoma","2022","2","58.35","28148686"
"Stanislaus","2022","2","69.71","38307335"
"Tulare","2022","2","30.24","14365965"
"Tuolumne","2022","2","31.86","1761822"
"Undisclosed","2022","2","","10505469"
"Ventura","2022","2","27.55","22969243"
"Yolo","2022","2","35.11","7766298"
"Yuba","2022","2","55.09","4532794"
"Alameda","2022","1","43.44","71771860"
"Calaveras","2022","1","58.7","2644422"
"Contra Costa","2022","1","24.13","27915755"
"Del Norte","2022","1","29.82","811809"
"El Dorado","2022","1","45.58","8683000"
"Fresno","2022","1","4.48","4536957"
"Humboldt","2022","1","61.51","8314663"
"Imperial","2022","1","32.82","5885743"
"Kern","2022","1","5.85","5325026"
"Kings","2022","1","61.57","9360612"
"Lake","2022","1","27.09","1826459"
"Los Angeles","2022","1","38.92","383860938"
"Marin","2022","1","14.88","3827715"
"Mendocino","2022","1","63.27","5695089"
"Merced","2022","1","37.54","10676174"
"Mono","2022","1","98.02","1311491"
"Monterey","2022","1","42.23","18319366"
"Napa","2022","1","18.69","2545623"
"Nevada","2022","1","49.28","4990025"
"Orange","2022","1","21.91","69298350"
"Riverside","2022","1","45.04","109697510"
"Sacramento","2022","1","47.31","74590734"
"San Bernardino","2022","1","14.09","30839177"
"San Diego","2022","1","39.89","131135747"
"San Francisco","2022","1","66.47","56019866"
"San Joaquin","2022","1","18.68","14655711"
"San Luis Obispo","2022","1","53.25","14949283"
"San Mateo","2022","1","22.61","16839695"
"Santa Barbara","2022","1","37.25","16582951"
"Santa Clara","2022","1","27.61","52327911"
"Santa Cruz","2022","1","58.85","15687746"
"Shasta","2022","1","59.46","10735185"
"Siskiyou","2022","1","33.06","1449298"
"Solano","2022","1","41.58","18597737"
"Sonoma","2022","1","52","25085140"
"Stanislaus","2022","1","72.1","39619045"
"Tulare","2022","1","30.02","14261984"
"Undisclosed","2022","1","","11732462"
"Ventura","2022","1","21.47","17900696"
"Yolo","2022","1","35.52","7856172"
"Alameda","2021","4","48.25","80220452"
"Calaveras","2021","4","60","2715311"
"Contra Costa","2021","4","26.36","30616972"
"Del Norte","2021","4","28.49","786164"
"El Dorado","2021","4","46.25","8837516"
"Fresno","2021","4","3.56","3595182"
"Humboldt","2021","4","79.22","10739169"
"Imperial","2021","4","45.59","8183308"
"Inyo","2021","4","56.45","1071676"
"Kern","2021","4","6.52","5922085"
"Kings","2021","4","65.08","9831592"
"Lake","2021","4","26.37","1784438"
"Los Angeles","2021","4","40.73","404542828"
"Marin","2021","4","16.32","4236046"
"Mendocino","2021","4","68.79","6237640"
"Merced","2021","4","40.16","11321783"
"Mono","2021","4","95.07","1264380"
"Monterey","2021","4","46.21","20137432"
"Napa","2021","4","24.09","3313761"
"Nevada","2021","4","46.03","4691447"
"Orange","2021","4","23.42","74241268"
"Riverside","2021","4","49.06","118970241"
"Sacramento","2021","4","51.83","81935990"
"San Bernardino","2021","4","15.17","33107390"
"San Diego","2021","4","45.64","150109809"
"San Francisco","2021","4","80.48","68366994"
"San Joaquin","2021","4","19.92","15590990"
"San Luis Obispo","2021","4","52.18","14596207"
"San Mateo","2021","4","25.08","18850486"
"Santa Barbara","2021","4","52.49","23292737"
"Santa Clara","2021","4","28.42","54217056"
"Santa Cruz","2021","4","65.11","17357306"
"Shasta","2021","4","63.91","11633169"
"Siskiyou","2021","4","35.27","1549469"
"Solano","2021","4","42.58","19160971"
"Sonoma","2021","4","55.48","26892534"
"Stanislaus","2021","4","78.32","43213640"
"Trinity","2021","4","3.38","54403"
"Tulare","2021","4","31.63","14995410"
"Undisclosed","2021","4","","6627827"
"Ventura","2021","4","21.28","17882367"
"Yolo","2021","4","39.49","8579077"
"Yuba","2021","4","55.2","4526517"
"Alameda","2021","3","48.85","81207341"
"Calaveras","2021","3","74.6","3375890"
"Contra Costa","2021","3","26.34","30591805"
"Del Norte","2021","3","33.9","935606"
"El Dorado","2021","3","48.57","9279554"
"Fresno","2021","3","2.42","2448298"
"Humboldt","2021","3","86.51","11727940"
"Imperial","2021","3","28.66","5145468"
"Kern","2021","3","6.33","5746017"
"Kings","2021","3","61.24","9251669"
"Lake","2021","3","33.21","2247094"
"Los Angeles","2021","3","41.85","415714078"
"Marin","2021","3","16.9","4387234"
"Mendocino","2021","3","79.39","7198383"
"Merced","2021","3","44.96","12673682"
"Mono","2021","3","126.41","1681137"
"Monterey","2021","3","46.77","20381403"
"Napa","2021","3","21.57","2966813"
"Orange","2021","3","24.3","77031965"
"Riverside","2021","3","46.58","112960948"
"Sacramento","2021","3","54.43","86042520"
"San Bernardino","2021","3","14.68","32048295"
"San Diego","2021","3","38.63","127044737"
"San Francisco","2021","3","70.8","60144517"
"San Joaquin","2021","3","21.31","16679921"
"San Luis Obispo","2021","3","56.19","15719083"
"San Mateo","2021","3","20.09","15105562"
"Santa Barbara","2021","3","32.34","14350161"
"Santa Clara","2021","3","28.91","55168373"
"Santa Cruz","2021","3","60.68","16176555"
"Shasta","2021","3","73.59","13396093"
"Siskiyou","2021","3","45.55","2001450"
"Solano","2021","3","41.57","18705472"
"Sonoma","2021","3","61","29567425"
"Stanislaus","2021","3","89.35","49302811"
"Tulare","2021","3","32.86","15578096"
"Undisclosed","2021","3","","13611224"
"Ventura","2021","3","21.54","18101571"
"Yolo","2021","3","41.07","8924085"
"Yuba","2021","3","61.21","5019061"
"Alameda","2021","2","56.99","94738639"
"Calaveras","2021","2","78.95","3572855"
"Contra Costa","2021","2","27","31364165"
"El Dorado","2021","2","71.78","13715676"
"Fresno","2021","2","2.61","2636603"
"Humboldt","2021","2","138.99","18840515"
"Imperial","2021","2","33.22","5963238"
"Kern","2021","2","6.89","6252233"
"Kings","2021","2","54.34","8208855"
"Lake","2021","2","40.82","2761705"
"Los Angeles","2021","2","45.9","455927544"
"Marin","2021","2","18.64","4838157"
"Mendocino","2021","2","102.03","9251311"
"Merced","2021","2","51.15","14418556"
"Mono","2021","2","121.04","1609711"
"Monterey","2021","2","46.86","20419699"
"Napa","2021","2","20.71","2849011"
"Orange","2021","2","22.89","72572205"
"Riverside","2021","2","47.57","115356947"
"Sacramento","2021","2","57.64","91112015"
"San Bernardino","2021","2","22.27","48616758"
"San Diego","2021","2","39.47","129802479"
"San Francisco","2021","2","85.26","72426506"
"San Joaquin","2021","2","21.72","17000098"
"San Luis Obispo","2021","2","65.71","18380034"
"San Mateo","2021","2","18.85","14173497"
"Santa Barbara","2021","2","62.74","27838698"
"Santa Clara","2021","2","30.25","57712062"
"Santa Cruz","2021","2","66.61","17756157"
"Shasta","2021","2","80.87","14720213"
"Siskiyou","2021","2","58.57","2573168"
"Solano","2021","2","40.95","18429658"
"Sonoma","2021","2","61.13","29628445"
"Stanislaus","2021","2","96.93","53481971"
"Tulare","2021","2","33.81","16030769"
"Undisclosed","2021","2","","19952664"
"Ventura","2021","2","24.59","20660084"
"Yolo","2021","2","45.95","9984118"
"Alameda","2021","1","50.67","84247050"
"Calaveras","2021","1","61.04","2762115"
"Contra Costa","2021","1","23.99","27867201"
"El Dorado","2021","1","48.86","9335004"
"Humboldt","2021","1","71.84","9739382"
"Imperial","2021","1","32.81","5889128"
"Kern","2021","1","6.07","5508477"
"Kings","2021","1","40.6","6133574"
"Lake","2021","1","44.72","3025503"
"Los Angeles","2021","1","39.32","390551546"
"Marin","2021","1","16.45","4269511"
"Mendocino","2021","1","81.23","7365736"
"Merced","2021","1","51.92","14637051"
"Mono","2021","1","101.1","1344536"
"Monterey","2021","1","43.35","18890969"
"Napa","2021","1","17.35","2386282"
"Nevada","2021","1","54.81","5586625"
"Orange","2021","1","21.1","66902117"
"Riverside","2021","1","42.58","103260098"
"Sacramento","2021","1","53.94","85268167"
"San Bernardino","2021","1","12.17","26577295"
"San Diego","2021","1","32.74","107678915"
"San Francisco","2021","1","70.28","59702411"
"San Joaquin","2021","1","22.58","17669086"
"San Luis Obispo","2021","1","51.57","14427237"
"San Mateo","2021","1","13.8","10378479"
"Santa Barbara","2021","1","27.8","12337725"
"Santa Clara","2021","1","29.51","56308942"
"Santa Cruz","2021","1","60.45","16115668"
"Shasta","2021","1","71.13","12948513"
"Siskiyou","2021","1","34.4","1511579"
"Solano","2021","1","34.9","15705730"
"Sonoma","2021","1","53.94","26145711"
"Stanislaus","2021","1","96.3","53132754"
"Tulare","2021","1","27.91","13234084"
"Undisclosed","2021","1","","13985240"
"Ventura","2021","1","21.84","18352322"
"Yolo","2021","1","44.82","9737978"
"Alameda","2020","4","51.6","86816081"
"Calaveras","2020","4","49.58","2245853"
"Contra Costa","2020","4","22.16","25844264"
"El Dorado","2020","4","43.65","8346471"
"Fresno","2020","4","2.24","2260167"
"Humboldt","2020","4","67.42","9200895"
"Imperial","2020","4","53.25","9570058"
"Kern","2020","4","5.31","4829145"
"Kings","2020","4","32.28","4923108"
"Lake","2020","4","39.6","2699848"
"Los Angeles","2020","4","38.65","387102924"
"Marin","2020","4","17.1","4488208"
"Mendocino","2020","4","71.93","6589732"
"Merced","2020","4","41.32","11621606"
"Mono","2020","4","91.26","1204215"
"Monterey","2020","4","76.52","33597730"
"Napa","2020","4","17.52","2418881"
"Nevada","2020","4","53.5","5470831"
"Orange","2020","4","20.35","64884144"
"Riverside","2020","4","36.47","88202452"
"Sacramento","2020","4","53.1","84176593"
"San Bernardino","2020","4","12.19","26609744"
"San Diego","2020","4","35.2","116130639"
"San Francisco","2020","4","74.07","64738641"
"San Joaquin","2020","4","21.69","16904012"
"San Luis Obispo","2020","4","51.75","14616635"
"San Mateo","2020","4","13.12","10035138"
"Santa Barbara","2020","4","31.92","14310246"
"Santa Clara","2020","4","28.45","55104459"
"Santa Cruz","2020","4","61.87","16759452"
"Shasta","2020","4","64.43","11736308"
"Siskiyou","2020","4","32.41","1428798"
"Solano","2020","4","33.81","15333327"
"Sonoma","2020","4","54.2","26498316"
"Stanislaus","2020","4","83.38","46099905"
"Trinity","2020","4","19.15","308672"
"Tulare","2020","4","23.45","11094755"
"Undisclosed","2020","4","","10033813"
"Ventura","2020","4","22.36","18872069"
"Yolo","2020","4","41.84","9054568"
"Alameda","2020","3","54.39","91519033"
"Calaveras","2020","3","48.29","2187463"
"Contra Costa","2020","3","21.18","24705937"
"El Dorado","2020","3","49.47","9459032"
"Fresno","2020","3","2.34","2363572"
"Humboldt","2020","3","76.84","10486162"
"Kern","2020","3","4.38","3991146"
"Lake","2020","3","47.1","3210755"
"Los Angeles","2020","3","41.43","414906805"
"Marin","2020","3","17.52","4596944"
"Mendocino","2020","3","83.69","7666418"
"Merced","2020","3","48.39","13609766"
"Mono","2020","3","122.98","1622762"
"Monterey","2020","3","36.2","15896656"
"Napa","2020","3","16.36","2259368"
"Orange","2020","3","19.12","60943764"
"Riverside","2020","3","32.33","78193446"
"Sacramento","2020","3","58.13","92144750"
"San Bernardino","2020","3","12.25","26744325"
"San Diego","2020","3","31.33","103373667"
"San Francisco","2020","3","78.52","68631923"
"San Joaquin","2020","3","25.65","19991982"
"San Luis Obispo","2020","3","46.09","13017748"
"San Mateo","2020","3","14.7","11240592"
"Santa Barbara","2020","3","27.96","12534245"
"Santa Clara","2020","3","27.97","54175826"
"Santa Cruz","2020","3","62.73","16991742"
"Shasta","2020","3","74.81","13628272"
"Siskiyou","2020","3","48.4","2133476"
"Solano","2020","3","38.53","17476931"
"Sonoma","2020","3","57.69","28205285"
"Stanislaus","2020","3","91.61","50649284"
"Trinity","2020","3","8.47","136523"
"Tulare","2020","3","25.94","12274487"
"Undisclosed","2020","3","","23679176"
"Ventura","2020","3","23.34","19698706"
"Yolo","2020","3","42.13","9118903"
"Alameda","2020","2","50.83","85527874"
"Calaveras","2020","2","32.08","1453370"
"Contra Costa","2020","2","16.71","19490142"
"El Dorado","2020","2","39.34","7521546"
"Fresno","2020","2","2.24","2265795"
"Humboldt","2020","2","81.6","11135738"
"Kern","2020","2","3.09","2810989"
"Lake","2020","2","46.03","3138185"
"Los Angeles","2020","2","33.06","331076045"
"Marin","2020","2","17.29","4535947"
"Mendocino","2020","2","73.32","6716284"
"Merced","2020","2","40.47","11382379"
"Mono","2020","2","77.28","1019747"
"Monterey","2020","2","37.64","16528344"
"Orange","2020","2","15.62","49788474"
"Riverside","2020","2","26.05","62995014"
"Sacramento","2020","2","49.66","78729387"
"San Bernardino","2020","2","10.88","23748609"
"San Diego","2020","2","26.49","87392252"
"San Francisco","2020","2","74.98","65534545"
"San Joaquin","2020","2","19.77","15412832"
"San Luis Obispo","2020","2","43.72","12349096"
"San Mateo","2020","2","12.84","9816632"
"Santa Barbara","2020","2","38.96","17466321"
"Santa Clara","2020","2","24.76","47960987"
"Santa Cruz","2020","2","63.21","17122481"
"Shasta","2020","2","67.05","12214260"
"Siskiyou","2020","2","41.83","1844072"
"Solano","2020","2","36.02","16337594"
"Sonoma","2020","2","53.01","25916727"
"Stanislaus","2020","2","80.36","44432382"
"Tulare","2020","2","30.33","14350982"
"Undisclosed","2020","2","","18691279"
"Ventura","2020","2","22","18571506"
"Yolo","2020","2","37","8007194"
"Alameda","2020","1","37.24","62655032"
"Contra Costa","2020","1","10.63","12394259"
"El Dorado","2020","1","29.15","5573338"
"Fresno","2020","1","1.17","1180977"
"Humboldt","2020","1","50.22","6853222"
"Kern","2020","1","1.48","1349061"
"Lake","2020","1","26.38","1798383"
"Los Angeles","2020","1","26.04","260808731"
"Marin","2020","1","10.97","2878412"
"Mendocino","2020","1","55.43","5077601"
"Merced","2020","1","21.44","6030734"
"Mono","2020","1","81.35","1073443"
"Monterey","2020","1","26.1","11461146"
"Orange","2020","1","11.77","37529193"
"Riverside","2020","1","20.2","48854449"
"Sacramento","2020","1","36.63","58069702"
"San Bernardino","2020","1","6.8","14835396"
"San Diego","2020","1","20.29","66961962"
"San Francisco","2020","1","69.85","61052271"
"San Joaquin","2020","1","14.39","11213889"
"San Luis Obispo","2020","1","31.18","8806480"
"San Mateo","2020","1","9.83","7516822"
"Santa Barbara","2020","1","20.67","9268429"
"Santa Clara","2020","1","24.88","48189961"
"Santa Cruz","2020","1","52.93","14337042"
"Shasta","2020","1","44.29","8069172"
"Siskiyou","2020","1","25.05","1104457"
"Solano","2020","1","28.84","13079108"
"Sonoma","2020","1","44.3","21658116"
"Stanislaus","2020","1","50.94","28165747"
"Tulare","2020","1","11.97","5664099"
"Undisclosed","2020","1","","13225308"
"Ventura","2020","1","17.19","14513918"
"Yolo","2020","1","26.74","5788031"
"Alameda","2019","4","34.9","57928125"
"Calaveras","2019","4","19.74","890289"
"Contra Costa","2019","4","6.45","7411487"
"El Dorado","2019","4","28.35","5378298"
"Fresno","2019","4","1.1","1116722"
"Humboldt","2019","4","52.6","7033586"
"Imperial","2019","4","11.54","2176386"
"Kern","2019","4","0.91","825594"
"Lake","2019","4","31.98","2053230"
"Los Angeles","2019","4","22.61","229864652"
"Marin","2019","4","8.1","2119042"
"Mendocino","2019","4","57.47","5069721"
"Mono","2019","4","64.3","869606"
"Monterey","2019","4","55.97","24640424"
"Orange","2019","4","10.47","33373704"
"Riverside","2019","4","14.43","34907536"
"Sacramento","2019","4","35.72","54945230"
"San Bernardino","2019","4","5.01","10865509"
"San Diego","2019","4","17.71","59055463"
"San Francisco","2019","4","73.99","65628391"
"San Joaquin","2019","4","10.13","7745723"
"San Luis Obispo","2019","4","26.77","7440783"
"San Mateo","2019","4","10.45","8059257"
"Santa Barbara","2019","4","18.05","8121893"
"Santa Clara","2019","4","24.52","47690601"
"Santa Cruz","2019","4","50.82","13815504"
"Shasta","2019","4","40.33","7165018"
"Siskiyou","2019","4","23.05","1028168"
"Solano","2019","4","29.39","12882581"
"Sonoma","2019","4","40.9","20285913"
"Stanislaus","2019","4","44.13","24413608"
"Trinity","2019","4","6.67","91071"
"Tulare","2019","4","9.15","4353359"
"Undisclosed","2019","4","","11628196"
"Ventura","2019","4","15.95","13468792"
"Yolo","2019","4","22.25","4902790"
"Alameda","2019","3","34.74","57668586"
"Calaveras","2019","3","22.6","1019266"
"Contra Costa","2019","3","6.03","6924137"
"El Dorado","2019","3","30.92","5866649"
"Fresno","2019","3","1.38","1403762"
"Humboldt","2019","3","56.08","7499234"
"Kern","2019","3","0.51","465373"
"Lake","2019","3","34.21","2196300"
"Los Angeles","2019","3","19.68","200041779"
"Marin","2019","3","7.56","1978052"
"Mendocino","2019","3","61.04","5384123"
"Mono","2019","3","95.67","1293868"
"Monterey","2019","3","25.96","11431463"
"Orange","2019","3","10.09","32170773"
"Riverside","2019","3","10.31","24952423"
"Sacramento","2019","3","36.56","56237473"
"San Bernardino","2019","3","4.25","9215770"
"San Diego","2019","3","17.42","58077781"
"San Francisco","2019","3","75.03","66548112"
"San Luis Obispo","2019","3","23.91","6644712"
"Santa Barbara","2019","3","12.51","5627017"
"Santa Clara","2019","3","25.7","49985898"
"Santa Cruz","2019","3","55.33","15040453"
"Shasta","2019","3","45.49","8082244"
"Siskiyou","2019","3","31.38","1399535"
"Solano","2019","3","32.26","14137233"
"Sonoma","2019","3","43.38","21513827"
"Stanislaus","2019","3","46.16","25533457"
"Undisclosed","2019","3","","26624924"
"Ventura","2019","3","15.68","13239425"
"Yolo","2019","3","20.42","4499760"
"Alameda","2019","2","33.35","55349178"
"Calaveras","2019","2","23.09","1041207"
"Contra Costa","2019","2","5.15","5910835"
"El Dorado","2019","2","24.27","4605065"
"Humboldt","2019","2","50.89","6806043"
"Kern","2019","2","1.42","1288679"
"Lake","2019","2","29.58","1899222"
"Los Angeles","2019","2","17.87","181644037"
"Marin","2019","2","5.91","1547302"
"Mendocino","2019","2","58.04","5120266"
"Mono","2019","2","77.21","1044292"
"Monterey","2019","2","25.61","11276970"
"Orange","2019","2","9.25","29488779"
"Riverside","2019","2","10.13","24527987"
"Sacramento","2019","2","32.33","49728941"
"San Bernardino","2019","2","5.19","11255949"
"San Diego","2019","2","16.61","55385110"
"San Francisco","2019","2","71.24","63181734"
"San Luis Obispo","2019","2","21.12","5869425"
"Santa Barbara","2019","2","9.09","4092645"
"Santa Clara","2019","2","24.6","47844550"
"Santa Cruz","2019","2","52.65","14312146"
"Shasta","2019","2","39.1","6946614"
"Siskiyou","2019","2","23.09","1029699"
"Solano","2019","2","27.2","11921115"
"Sonoma","2019","2","40.37","20021976"
"Stanislaus","2019","2","38.08","21068032"
"Tulare","2019","2","8.36","3979724"
"Undisclosed","2019","2","","17749136"
"Ventura","2019","2","14.13","11932500"
"Yolo","2019","2","18.87","4158242"
"Alameda","2019","1","30.44","50529675"
"Contra Costa","2019","1","4.75","5458628"
"El Dorado","2019","1","16.78","3184246"
"Fresno","2019","1","0.7","709565"
"Humboldt","2019","1","36.77","4916828"
"Kern","2019","1","2.35","2135457"
"Lake","2019","1","18.39","1180495"
"Los Angeles","2019","1","15.25","154993556"
"Marin","2019","1","5.11","1338077"
"Mendocino","2019","1","45.28","3994067"
"Monterey","2019","1","20.72","9124480"
"Orange","2019","1","8.02","25559372"
"Riverside","2019","1","8.77","21237102"
"Sacramento","2019","1","25.97","39945628"
"San Bernardino","2019","1","2.76","5981248"
"San Diego","2019","1","14.99","49994552"
"San Francisco","2019","1","65.33","57942787"
"San Joaquin","2019","1","6.03","4612986"
"San Luis Obispo","2019","1","15.89","4416365"
"Santa Barbara","2019","1","5.64","2538290"
"Santa Clara","2019","1","22.41","43586992"
"Santa Cruz","2019","1","44.33","12050656"
"Shasta","2019","1","26.04","4626337"
"Siskiyou","2019","1","18.73","835481"
"Solano","2019","1","22.98","10070780"
"Sonoma","2019","1","34.58","17151155"
"Stanislaus","2019","1","33.62","18598382"
"Tulare","2019","1","7.44","3539263"
"Undisclosed","2019","1","","6866024"
"Ventura","2019","1","11.11","9381852"
"Yolo","2019","1","11.63","2563489"
"Alameda","2018","4","31.43","51916884"
"Calaveras","2018","4","23.24","1049691"
"Contra Costa","2018","4","4.51","5158914"
"El Dorado","2018","4","17.25","3243200"
"Fresno","2018","4","0.87","879409"
"Humboldt","2018","4","35.36","4771844"
"Kern","2018","4","2.37","2131428"
"Lake","2018","4","9.26","598221"
"Los Angeles","2018","4","14.62","149076931"
"Marin","2018","4","6.05","1587730"
"Mendocino","2018","4","46.29","4099100"
"Monterey","2018","4","22.09","9692172"
"Nevada","2018","4","8.42","826417"
"Orange","2018","4","8.46","26963539"
"Riverside","2018","4","6.92","16594578"
"Sacramento","2018","4","26.3","40118136"
"San Bernardino","2018","4","2.18","4704277"
"San Diego","2018","4","14.44","47975163"
"San Francisco","2018","4","68.65","60811263"
"San Joaquin","2018","4","4.34","3270815"
"San Luis Obispo","2018","4","18","5011066"
"San Mateo","2018","4","0.93","720762"
"Santa Barbara","2018","4","5.15","2314877"
"Santa Clara","2018","4","22.42","43575550"
"Santa Cruz","2018","4","47.12","12891543"
"Shasta","2018","4","21.87","3899531"
"Siskiyou","2018","4","19.26","859143"
"Solano","2018","4","21.68","9472064"
"Sonoma","2018","4","34.59","17312803"
"Stanislaus","2018","4","32.61","17946379"
"Tulare","2018","4","6.71","3169558"
"Undisclosed","2018","4","","1391173"
"Ventura","2018","4","9.51","8070859"
"Yolo","2018","4","8.24","1810127"
"Alameda","2018","3","28.45","47008411"
"Butte","2018","3","0.38","87090"
"Contra Costa","2018","3","4.43","5068804"
"El Dorado","2018","3","18.41","3460311"
"Humboldt","2018","3","35.31","4764661"
"Kern","2018","3","2.41","2170500"
"Lake","2018","3","5.88","379854"
"Los Angeles","2018","3","11.65","118824965"
"Marin","2018","3","2.16","567980"
"Mendocino","2018","3","42.11","3729371"
"Monterey","2018","3","18.45","8096731"
"Nevada","2018","3","6.06","595112"
"Orange","2018","3","6.44","20542047"
"Riverside","2018","3","4.88","11711609"
"Sacramento","2018","3","24.18","36890733"
"San Bernardino","2018","3","1.43","3092431"
"San Diego","2018","3","12.99","43147127"
"San Francisco","2018","3","66.27","58704891"
"San Joaquin","2018","3","3.62","2729009"
"San Luis Obispo","2018","3","8.78","2444014"
"San Mateo","2018","3","0.67","523649"
"Santa Barbara","2018","3","3.35","1504768"
"Santa Clara","2018","3","21.13","41081614"
"Santa Cruz","2018","3","42.72","11689049"
"Shasta","2018","3","19.55","3486782"
"Siskiyou","2018","3","21.86","975227"
"Solano","2018","3","21.22","9271234"
"Sonoma","2018","3","34.31","17175050"
"Stanislaus","2018","3","30.85","16980835"
"Tulare","2018","3","6.51","3075213"
"Undisclosed","2018","3","","2710471"
"Ventura","2018","3","6.38","5417421"
"Alameda","2018","2","29.24","48313632"
"Butte","2018","2","0.34","77361"
"Calaveras","2018","2","30.54","1379240"
"Contra Costa","2018","2","4.7","5381000"
"El Dorado","2018","2","20.25","3805916"
"Fresno","2018","2","0.41","412424"
"Humboldt","2018","2","38.3","5168230"
"Kern","2018","2","2.51","2263643"
"Lake","2018","2","9.41","608164"
"Los Angeles","2018","2","11.92","121567102"
"Marin","2018","2","6.49","1702698"
"Mendocino","2018","2","41.62","3685323"
"Monterey","2018","2","18.06","7922972"
"Nevada","2018","2","5.46","536113"
"Orange","2018","2","8.11","25865078"
"Riverside","2018","2","6.1","14636169"
"Sacramento","2018","2","27.87","42508597"
"San Bernardino","2018","2","1.36","2928253"
"San Diego","2018","2","15.03","49933303"
"San Francisco","2018","2","68.44","60620495"
"San Luis Obispo","2018","2","2.62","729973"
"San Mateo","2018","2","1.45","1119356"
"Santa Barbara","2018","2","11.85","5323503"
"Santa Clara","2018","2","21.25","41316436"
"Santa Cruz","2018","2","50.05","13693626"
"Shasta","2018","2","19.75","3522417"
"Siskiyou","2018","2","26.24","1170500"
"Solano","2018","2","18.18","7945532"
"Sonoma","2018","2","35.23","17632230"
"Stanislaus","2018","2","31.58","17380910"
"Tulare","2018","2","4.97","2349989"
"Undisclosed","2018","2","","6101907"
"Ventura","2018","2","4","3398859"
